{
    "US-ENU": "safety-en-us.html",
    "US-FRA": "safety-fr-ca.html",
    "US-ESP": "safety-es-us.html",
    "US-DEU": "safety-de-de.html",
    "US-NLD": "safety-nl-nl.html",
    "US-DAN": "safety-da-dk.html",
    "US-FIN": "safety-fi-fi.html",
    "US-NOR": "safety-nb-no.html",
    "US-SVE": "safety-sv-se.html",
    "US-ITA": "safety-it-it.html",
    "US-PLK": "safety-pl-pl.html",
    "US-PTB": "safety-en-us.html",
    "US-BGR": "safety-en-us.html",
    "US-HRV": "safety-en-us.html",
    "US-CSY": "safety-en-us.html",
    "US-ETI": "safety-en-us.html",
    "US-ELL": "safety-en-us.html",
    "US-HUN": "safety-en-us.html",
    "US-LVI": "safety-en-us.html",
    "US-LTH": "safety-en-us.html",
    "US-ROM": "safety-en-us.html",
    "US-SLV": "safety-en-us.html",
    "US-SKY": "safety-en-us.html",
    "US-CHS": "safety-en-us.html",
    "US-JPN": "safety-en-us.html",
    "US-KOR": "safety-en-us.html",
    "US-CHT": "safety-en-us.html",
    "US-MSL": "safety-en-us.html",
    "US-THA": "safety-en-us.html",
    "US-ARA": "safety-en-us.html",
    "US-XXX": "safety-en-us.html",
    "CA-ENU": "safety-en-us.html",
    "CA-FRA": "safety-fr-ca.html",
    "CA-ESP": "safety-es-us.html",
    "CA-DEU": "safety-de-de.html",
    "CA-NLD": "safety-nl-nl.html",
    "CA-DAN": "safety-da-dk.html",
    "CA-FIN": "safety-fi-fi.html",
    "CA-NOR": "safety-nb-no.html",
    "CA-SVE": "safety-sv-se.html",
    "CA-ITA": "safety-it-it.html",
    "CA-PLK": "safety-pl-pl.html",
    "CA-PTB": "safety-en-us.html",
    "CA-BGR": "safety-en-us.html",
    "CA-HRV": "safety-en-us.html",
    "CA-CSY": "safety-en-us.html",
    "CA-ETI": "safety-en-us.html",
    "CA-ELL": "safety-en-us.html",
    "CA-HUN": "safety-en-us.html",
    "CA-LVI": "safety-en-us.html",
    "CA-LTH": "safety-en-us.html",
    "CA-ROM": "safety-en-us.html",
    "CA-SLV": "safety-en-us.html",
    "CA-SKY": "safety-en-us.html",
    "CA-CHS": "safety-en-us.html",
    "CA-JPN": "safety-en-us.html",
    "CA-KOR": "safety-en-us.html",
    "CA-CHT": "safety-en-us.html",
    "CA-MSL": "safety-en-us.html",
    "CA-THA": "safety-en-us.html",
    "CA-ARA": "safety-en-us.html",
    "CA-XXX": "safety-en-us.html",
    "MX-ENU": "safety-en-us.html",
    "MX-FRA": "safety-fr-ca.html",
    "MX-ESP": "safety-es-us.html",
    "MX-DEU": "safety-de-de.html",
    "MX-NLD": "safety-nl-nl.html",
    "MX-DAN": "safety-da-dk.html",
    "MX-FIN": "safety-fi-fi.html",
    "MX-NOR": "safety-nb-no.html",
    "MX-SVE": "safety-sv-se.html",
    "MX-ITA": "safety-it-it.html",
    "MX-PLK": "safety-pl-pl.html",
    "MX-PTB": "safety-es-us.html",
    "MX-BGR": "safety-es-us.html",
    "MX-HRV": "safety-es-us.html",
    "MX-CSY": "safety-es-us.html",
    "MX-ETI": "safety-es-us.html",
    "MX-ELL": "safety-es-us.html",
    "MX-HUN": "safety-es-us.html",
    "MX-LVI": "safety-es-us.html",
    "MX-LTH": "safety-es-us.html",
    "MX-ROM": "safety-es-us.html",
    "MX-SLV": "safety-es-us.html",
    "MX-SKY": "safety-es-us.html",
    "MX-CHS": "safety-es-us.html",
    "MX-JPN": "safety-es-us.html",
    "MX-KOR": "safety-es-us.html",
    "MX-CHT": "safety-es-us.html",
    "MX-MSL": "safety-es-us.html",
    "MX-THA": "safety-es-us.html",
    "MX-ARA": "safety-es-us.html",
    "MX-XXX": "safety-en-us.html",
    "FR-FRA": "safety-fr-fr.html",
    "FR-ESP": "safety-es-es.html",
    "FR-DEU": "safety-de-de.html",
    "FR-NLD": "safety-nl-nl.html",
    "FR-DAN": "safety-da-dk.html",
    "FR-FIN": "safety-fi-fi.html",
    "FR-NOR": "safety-nb-no.html",
    "FR-SVE": "safety-sv-se.html",
    "FR-ITA": "safety-it-it.html",
    "FR-PLK": "safety-pl-pl.html",
    "FR-PTB": null,
    "FR-BGR": "safety-fr-fr.html",
    "FR-HRV": "safety-fr-fr.html",
    "FR-CSY": "safety-fr-fr.html",
    "FR-ETI": "safety-fr-fr.html",
    "FR-ELL": "safety-fr-fr.html",
    "FR-HUN": "safety-fr-fr.html",
    "FR-LVI": "safety-fr-fr.html",
    "FR-LTH": "safety-fr-fr.html",
    "FR-ROM": "safety-fr-fr.html",
    "FR-SLV": "safety-fr-fr.html",
    "FR-SKY": "safety-fr-fr.html",
    "FR-CHS": "safety-fr-fr.html",
    "FR-JPN": "safety-fr-fr.html",
    "FR-KOR": "safety-fr-fr.html",
    "FR-CHT": "safety-fr-fr.html",
    "FR-MSL": "safety-fr-fr.html",
    "FR-THA": "safety-fr-fr.html",
    "FR-ARA": "safety-fr-fr.html",
    "FR-XXX": "safety-en-us.html",
    "BE-ENU": "safety-en-us.html",
    "BE-FRA": "safety-fr-fr.html",
    "BE-ESP": "safety-es-es.html",
    "BE-DEU": "safety-de-de.html",
    "BE-NLD": "safety-nl-nl.html",
    "BE-DAN": "safety-da-dk.html",
    "BE-FIN": "safety-fi-fi.html",
    "BE-NOR": "safety-nb-no.html",
    "BE-SVE": "safety-sv-se.html",
    "BE-ITA": "safety-it-it.html",
    "BE-PLK": "safety-pl-pl.html",
    "BE-PTB": null,
    "BE-BGR": "safety-en-gb.html",
    "BE-HRV": "safety-en-gb.html",
    "BE-CSY": "safety-en-gb.html",
    "BE-ETI": "safety-en-gb.html",
    "BE-ELL": "safety-en-gb.html",
    "BE-HUN": "safety-en-gb.html",
    "BE-LVI": "safety-en-gb.html",
    "BE-LTH": "safety-en-gb.html",
    "BE-ROM": "safety-en-gb.html",
    "BE-SLV": "safety-en-gb.html",
    "BE-SKY": "safety-en-gb.html",
    "BE-CHS": "safety-en-gb.html",
    "BE-JPN": "safety-en-gb.html",
    "BE-KOR": "safety-en-gb.html",
    "BE-CHT": "safety-en-gb.html",
    "BE-MSL": "safety-en-gb.html",
    "BE-THA": "safety-en-gb.html",
    "BE-ARA": "safety-en-gb.html",
    "BE-XXX": "safety-en-us.html",
    "LU-ENU": "safety-en-us.html",
    "LU-FRA": "safety-fr-fr.html",
    "LU-ESP": "safety-es-es.html",
    "LU-DEU": "safety-de-de.html",
    "LU-NLD": "safety-nl-nl.html",
    "LU-DAN": "safety-da-dk.html",
    "LU-FIN": "safety-fi-fi.html",
    "LU-NOR": "safety-nb-no.html",
    "LU-SVE": "safety-sv-se.html",
    "LU-ITA": "safety-it-it.html",
    "LU-PLK": "safety-pl-pl.html",
    "LU-PTB": null,
    "LU-BGR": "safety-en-gb.html",
    "LU-HRV": "safety-en-gb.html",
    "LU-CSY": "safety-en-gb.html",
    "LU-ETI": "safety-en-gb.html",
    "LU-ELL": "safety-en-gb.html",
    "LU-HUN": "safety-en-gb.html",
    "LU-LVI": "safety-en-gb.html",
    "LU-LTH": "safety-en-gb.html",
    "LU-ROM": "safety-en-gb.html",
    "LU-SLV": "safety-en-gb.html",
    "LU-SKY": "safety-en-gb.html",
    "LU-CHS": "safety-en-gb.html",
    "LU-JPN": "safety-en-gb.html",
    "LU-KOR": "safety-en-gb.html",
    "LU-CHT": "safety-en-gb.html",
    "LU-MSL": "safety-en-gb.html",
    "LU-THA": "safety-en-gb.html",
    "LU-ARA": "safety-en-gb.html",
    "LU-XXX": "safety-en-us.html",
    "DE-ENU": "safety-en-us.html",
    "DE-FRA": "safety-fr-fr.html",
    "DE-ESP": "safety-es-es.html",
    "DE-DEU": "safety-de-de.html",
    "DE-NLD": "safety-nl-nl.html",
    "DE-DAN": "safety-da-dk.html",
    "DE-FIN": "safety-fi-fi.html",
    "DE-NOR": "safety-nb-no.html",
    "DE-SVE": "safety-sv-se.html",
    "DE-ITA": "safety-it-it.html",
    "DE-PLK": "safety-pl-pl.html",
    "DE-PTB": null,
    "DE-BGR": "safety-en-gb.html",
    "DE-HRV": "safety-en-gb.html",
    "DE-CSY": "safety-en-gb.html",
    "DE-ETI": "safety-en-gb.html",
    "DE-ELL": "safety-en-gb.html",
    "DE-HUN": "safety-en-gb.html",
    "DE-LVI": "safety-en-gb.html",
    "DE-LTH": "safety-en-gb.html",
    "DE-ROM": "safety-en-gb.html",
    "DE-SLV": "safety-en-gb.html",
    "DE-SKY": "safety-en-gb.html",
    "DE-CHS": "safety-en-gb.html",
    "DE-JPN": "safety-en-gb.html",
    "DE-KOR": "safety-en-gb.html",
    "DE-CHT": "safety-en-gb.html",
    "DE-MSL": "safety-en-gb.html",
    "DE-THA": "safety-en-gb.html",
    "DE-ARA": "safety-en-gb.html",
    "DE-XXX": "safety-en-us.html",
    "AT-ENU": "safety-en-us.html",
    "AT-FRA": "safety-fr-fr.html",
    "AT-ESP": "safety-es-es.html",
    "AT-DEU": "safety-de-de.html",
    "AT-NLD": "safety-nl-nl.html",
    "AT-DAN": "safety-da-dk.html",
    "AT-FIN": "safety-fi-fi.html",
    "AT-NOR": "safety-nb-no.html",
    "AT-SVE": "safety-sv-se.html",
    "AT-ITA": "safety-it-it.html",
    "AT-PLK": "safety-pl-pl.html",
    "AT-PTB": null,
    "AT-BGR": "safety-en-gb.html",
    "AT-HRV": "safety-en-gb.html",
    "AT-CSY": "safety-en-gb.html",
    "AT-ETI": "safety-en-gb.html",
    "AT-ELL": "safety-en-gb.html",
    "AT-HUN": "safety-en-gb.html",
    "AT-LVI": "safety-en-gb.html",
    "AT-LTH": "safety-en-gb.html",
    "AT-ROM": "safety-en-gb.html",
    "AT-SLV": "safety-en-gb.html",
    "AT-SKY": "safety-en-gb.html",
    "AT-CHS": "safety-en-gb.html",
    "AT-JPN": "safety-en-gb.html",
    "AT-KOR": "safety-en-gb.html",
    "AT-CHT": "safety-en-gb.html",
    "AT-MSL": "safety-en-gb.html",
    "AT-THA": "safety-en-gb.html",
    "AT-ARA": "safety-en-gb.html",
    "AT-XXX": "safety-en-us.html",
    "CH-ENU": "safety-en-us.html",
    "CH-FRA": "safety-fr-fr.html",
    "CH-ESP": "safety-es-es.html",
    "CH-DEU": "safety-de-de.html",
    "CH-NLD": "safety-nl-nl.html",
    "CH-DAN": "safety-da-dk.html",
    "CH-FIN": "safety-fi-fi.html",
    "CH-NOR": "safety-nb-no.html",
    "CH-SVE": "safety-sv-se.html",
    "CH-ITA": "safety-it-it.html",
    "CH-PLK": "safety-pl-pl.html",
    "CH-PTB": null,
    "CH-BGR": "safety-en-gb.html",
    "CH-HRV": "safety-en-gb.html",
    "CH-CSY": "safety-en-gb.html",
    "CH-ETI": "safety-en-gb.html",
    "CH-ELL": "safety-en-gb.html",
    "CH-HUN": "safety-en-gb.html",
    "CH-LVI": "safety-en-gb.html",
    "CH-LTH": "safety-en-gb.html",
    "CH-ROM": "safety-en-gb.html",
    "CH-SLV": "safety-en-gb.html",
    "CH-SKY": "safety-en-gb.html",
    "CH-CHS": "safety-en-gb.html",
    "CH-JPN": "safety-en-gb.html",
    "CH-KOR": "safety-en-gb.html",
    "CH-CHT": "safety-en-gb.html",
    "CH-MSL": "safety-en-gb.html",
    "CH-THA": "safety-en-gb.html",
    "CH-ARA": "safety-en-gb.html",
    "CH-XXX": "safety-en-us.html",
    "NL-ENU": "safety-en-us.html",
    "NL-FRA": "safety-fr-fr.html",
    "NL-ESP": "safety-es-es.html",
    "NL-DEU": "safety-de-de.html",
    "NL-NLD": "safety-nl-nl.html",
    "NL-DAN": "safety-da-dk.html",
    "NL-FIN": "safety-fi-fi.html",
    "NL-NOR": "safety-nb-no.html",
    "NL-SVE": "safety-sv-se.html",
    "NL-ITA": "safety-it-it.html",
    "NL-PLK": "safety-pl-pl.html",
    "NL-PTB": null,
    "NL-BGR": "safety-en-gb.html",
    "NL-HRV": "safety-en-gb.html",
    "NL-CSY": "safety-en-gb.html",
    "NL-ETI": "safety-en-gb.html",
    "NL-ELL": "safety-en-gb.html",
    "NL-HUN": "safety-en-gb.html",
    "NL-LVI": "safety-en-gb.html",
    "NL-LTH": "safety-en-gb.html",
    "NL-ROM": "safety-en-gb.html",
    "NL-SLV": "safety-en-gb.html",
    "NL-SKY": "safety-en-gb.html",
    "NL-CHS": "safety-en-gb.html",
    "NL-JPN": "safety-en-gb.html",
    "NL-KOR": "safety-en-gb.html",
    "NL-CHT": "safety-en-gb.html",
    "NL-MSL": "safety-en-gb.html",
    "NL-THA": "safety-en-gb.html",
    "NL-ARA": "safety-en-gb.html",
    "NL-XXX": "safety-en-us.html",
    "GB-ENU": "safety-en-us.html",
    "GB-FRA": "safety-fr-fr.html",
    "GB-ESP": "safety-es-es.html",
    "GB-DEU": "safety-de-de.html",
    "GB-NLD": "safety-nl-nl.html",
    "GB-DAN": "safety-da-dk.html",
    "GB-FIN": "safety-fi-fi.html",
    "GB-NOR": "safety-nb-no.html",
    "GB-SVE": "safety-sv-se.html",
    "GB-ITA": "safety-it-it.html",
    "GB-PLK": "safety-pl-pl.html",
    "GB-PTB": null,
    "GB-BGR": "safety-en-gb.html",
    "GB-HRV": "safety-en-gb.html",
    "GB-CSY": "safety-en-gb.html",
    "GB-ETI": "safety-en-gb.html",
    "GB-ELL": "safety-en-gb.html",
    "GB-HUN": "safety-en-gb.html",
    "GB-LVI": "safety-en-gb.html",
    "GB-LTH": "safety-en-gb.html",
    "GB-ROM": "safety-en-gb.html",
    "GB-SLV": "safety-en-gb.html",
    "GB-SKY": "safety-en-gb.html",
    "GB-CHS": "safety-en-gb.html",
    "GB-JPN": "safety-en-gb.html",
    "GB-KOR": "safety-en-gb.html",
    "GB-CHT": "safety-en-gb.html",
    "GB-MSL": "safety-en-gb.html",
    "GB-THA": "safety-en-gb.html",
    "GB-ARA": "safety-en-gb.html",
    "GB-XXX": "safety-en-us.html",
    "IE-ENU": "safety-en-us.html",
    "IE-FRA": "safety-fr-fr.html",
    "IE-ESP": "safety-es-es.html",
    "IE-DEU": "safety-de-de.html",
    "IE-NLD": "safety-nl-nl.html",
    "IE-DAN": "safety-da-dk.html",
    "IE-FIN": "safety-fi-fi.html",
    "IE-NOR": "safety-nb-no.html",
    "IE-SVE": "safety-sv-se.html",
    "IE-ITA": "safety-it-it.html",
    "IE-PLK": "safety-pl-pl.html",
    "IE-PTB": null,
    "IE-BGR": "safety-en-gb.html",
    "IE-HRV": "safety-en-gb.html",
    "IE-CSY": "safety-en-gb.html",
    "IE-ETI": "safety-en-gb.html",
    "IE-ELL": "safety-en-gb.html",
    "IE-HUN": "safety-en-gb.html",
    "IE-LVI": "safety-en-gb.html",
    "IE-LTH": "safety-en-gb.html",
    "IE-ROM": "safety-en-gb.html",
    "IE-SLV": "safety-en-gb.html",
    "IE-SKY": "safety-en-gb.html",
    "IE-CHS": "safety-en-gb.html",
    "IE-JPN": "safety-en-gb.html",
    "IE-KOR": "safety-en-gb.html",
    "IE-CHT": "safety-en-gb.html",
    "IE-MSL": "safety-en-gb.html",
    "IE-THA": "safety-en-gb.html",
    "IE-ARA": "safety-en-gb.html",
    "IE-XXX": "safety-en-us.html",
    "DK-ENU": "safety-en-us.html",
    "DK-FRA": "safety-fr-fr.html",
    "DK-ESP": "safety-es-es.html",
    "DK-DEU": "safety-de-de.html",
    "DK-NLD": "safety-nl-nl.html",
    "DK-DAN": "safety-da-dk.html",
    "DK-FIN": "safety-fi-fi.html",
    "DK-NOR": "safety-nb-no.html",
    "DK-SVE": "safety-sv-se.html",
    "DK-ITA": "safety-it-it.html",
    "DK-PLK": "safety-pl-pl.html",
    "DK-PTB": null,
    "DK-BGR": "safety-en-gb.html",
    "DK-HRV": "safety-en-gb.html",
    "DK-CSY": "safety-en-gb.html",
    "DK-ETI": "safety-en-gb.html",
    "DK-ELL": "safety-en-gb.html",
    "DK-HUN": "safety-en-gb.html",
    "DK-LVI": "safety-en-gb.html",
    "DK-LTH": "safety-en-gb.html",
    "DK-ROM": "safety-en-gb.html",
    "DK-SLV": "safety-en-gb.html",
    "DK-SKY": "safety-en-gb.html",
    "DK-CHS": "safety-en-gb.html",
    "DK-JPN": "safety-en-gb.html",
    "DK-KOR": "safety-en-gb.html",
    "DK-CHT": "safety-en-gb.html",
    "DK-MSL": "safety-en-gb.html",
    "DK-THA": "safety-en-gb.html",
    "DK-ARA": "safety-en-gb.html",
    "DK-XXX": "safety-en-us.html",
    "FI-ENU": "safety-en-us.html",
    "FI-FRA": "safety-fr-fr.html",
    "FI-ESP": "safety-es-es.html",
    "FI-DEU": "safety-de-de.html",
    "FI-NLD": "safety-nl-nl.html",
    "FI-DAN": "safety-da-dk.html",
    "FI-FIN": "safety-fi-fi.html",
    "FI-NOR": "safety-nb-no.html",
    "FI-SVE": "safety-sv-se.html",
    "FI-ITA": "safety-it-it.html",
    "FI-PLK": "safety-pl-pl.html",
    "FI-PTB": null,
    "FI-CHS": "safety-en-gb.html",
    "FI-JPN": "safety-en-gb.html",
    "FI-KOR": "safety-en-gb.html",
    "FI-BGR": "safety-en-gb.html",
    "FI-HRV": "safety-en-gb.html",
    "FI-CSY": "safety-en-gb.html",
    "FI-ETI": "safety-en-gb.html",
    "FI-ELL": "safety-en-gb.html",
    "FI-HUN": "safety-en-gb.html",
    "FI-LVI": "safety-en-gb.html",
    "FI-LTH": "safety-en-gb.html",
    "FI-ROM": "safety-en-gb.html",
    "FI-SLV": "safety-en-gb.html",
    "FI-SKY": "safety-en-gb.html",
    "FI-CHT": "safety-en-gb.html",
    "FI-MSL": "safety-en-gb.html",
    "FI-THA": "safety-en-gb.html",
    "FI-ARA": "safety-en-gb.html",
    "FI-XXX": "safety-en-us.html",
    "NO-ENU": "safety-en-us.html",
    "NO-FRA": "safety-fr-fr.html",
    "NO-ESP": "safety-es-es.html",
    "NO-DEU": "safety-de-de.html",
    "NO-NLD": "safety-nl-nl.html",
    "NO-DAN": "safety-da-dk.html",
    "NO-FIN": "safety-fi-fi.html",
    "NO-NOR": "safety-nb-no.html",
    "NO-SVE": "safety-sv-se.html",
    "NO-ITA": "safety-it-it.html",
    "NO-PLK": "safety-pl-pl.html",
    "NO-PTB": null,
    "NO-BGR": "safety-en-gb.html",
    "NO-HRV": "safety-en-gb.html",
    "NO-CSY": "safety-en-gb.html",
    "NO-ETI": "safety-en-gb.html",
    "NO-ELL": "safety-en-gb.html",
    "NO-HUN": "safety-en-gb.html",
    "NO-LVI": "safety-en-gb.html",
    "NO-LTH": "safety-en-gb.html",
    "NO-ROM": "safety-en-gb.html",
    "NO-SLV": "safety-en-gb.html",
    "NO-SKY": "safety-en-gb.html",
    "NO-CHS": "safety-en-gb.html",
    "NO-JPN": "safety-en-gb.html",
    "NO-KOR": "safety-en-gb.html",
    "NO-CHT": "safety-en-gb.html",
    "NO-MSL": "safety-en-gb.html",
    "NO-THA": "safety-en-gb.html",
    "NO-ARA": "safety-en-gb.html",
    "NO-XXX": "safety-en-us.html",
    "SE-ENU": "safety-en-us.html",
    "SE-FRA": "safety-fr-fr.html",
    "SE-ESP": "safety-es-es.html",
    "SE-DEU": "safety-de-de.html",
    "SE-NLD": "safety-nl-nl.html",
    "SE-DAN": "safety-da-dk.html",
    "SE-FIN": "safety-fi-fi.html",
    "SE-NOR": "safety-nb-no.html",
    "SE-SVE": "safety-sv-se.html",
    "SE-ITA": "safety-it-it.html",
    "SE-PLK": "safety-pl-pl.html",
    "SE-PTB": null,
    "SE-BGR": "safety-en-gb.html",
    "SE-HRV": "safety-en-gb.html",
    "SE-CSY": "safety-en-gb.html",
    "SE-ETI": "safety-en-gb.html",
    "SE-ELL": "safety-en-gb.html",
    "SE-HUN": "safety-en-gb.html",
    "SE-LVI": "safety-en-gb.html",
    "SE-LTH": "safety-en-gb.html",
    "SE-ROM": "safety-en-gb.html",
    "SE-SLV": "safety-en-gb.html",
    "SE-SKY": "safety-en-gb.html",
    "SE-CHS": "safety-en-gb.html",
    "SE-JPN": "safety-en-gb.html",
    "SE-KOR": "safety-en-gb.html",
    "SE-CHT": "safety-en-gb.html",
    "SE-MSL": "safety-en-gb.html",
    "SE-THA": "safety-en-gb.html",
    "SE-ARA": "safety-en-gb.html",
    "SE-XXX": "safety-en-us.html",
    "IT-ENU": "safety-en-us.html",
    "IT-FRA": "safety-fr-fr.html",
    "IT-ESP": "safety-es-es.html",
    "IT-DEU": "safety-de-de.html",
    "IT-NLD": "safety-nl-nl.html",
    "IT-DAN": "safety-da-dk.html",
    "IT-FIN": "safety-fi-fi.html",
    "IT-NOR": "safety-nb-no.html",
    "IT-SVE": "safety-sv-se.html",
    "IT-ITA": "safety-it-it.html",
    "IT-PLK": "safety-pl-pl.html",
    "IT-PTB": null,
    "IT-BGR": "safety-en-gb.html",
    "IT-HRV": "safety-en-gb.html",
    "IT-CSY": "safety-en-gb.html",
    "IT-ETI": "safety-en-gb.html",
    "IT-ELL": "safety-en-gb.html",
    "IT-HUN": "safety-en-gb.html",
    "IT-LVI": "safety-en-gb.html",
    "IT-LTH": "safety-en-gb.html",
    "IT-ROM": "safety-en-gb.html",
    "IT-SLV": "safety-en-gb.html",
    "IT-SKY": "safety-en-gb.html",
    "IT-CHS": "safety-en-gb.html",
    "IT-JPN": "safety-en-gb.html",
    "IT-KOR": "safety-en-gb.html",
    "IT-CHT": "safety-en-gb.html",
    "IT-MSL": "safety-en-gb.html",
    "IT-THA": "safety-en-gb.html",
    "IT-ARA": "safety-en-gb.html",
    "IT-XXX": "safety-en-us.html",
    "PL-ENU": "safety-en-us.html",
    "PL-FRA": "safety-fr-fr.html",
    "PL-ESP": "safety-es-es.html",
    "PL-DEU": "safety-de-de.html",
    "PL-NLD": "safety-nl-nl.html",
    "PL-DAN": "safety-da-dk.html",
    "PL-FIN": "safety-fi-fi.html",
    "PL-NOR": "safety-nb-no.html",
    "PL-SVE": "safety-sv-se.html",
    "PL-ITA": "safety-it-it.html",
    "PL-PLK": "safety-pl-pl.html",
    "PL-PTB": null,
    "PL-BGR": "safety-en-gb.html",
    "PL-HRV": "safety-en-gb.html",
    "PL-CSY": "safety-en-gb.html",
    "PL-ETI": "safety-en-gb.html",
    "PL-ELL": "safety-en-gb.html",
    "PL-HUN": "safety-en-gb.html",
    "PL-LVI": "safety-en-gb.html",
    "PL-LTH": "safety-en-gb.html",
    "PL-ROM": "safety-en-gb.html",
    "PL-SLV": "safety-en-gb.html",
    "PL-SKY": "safety-en-gb.html",
    "PL-CHS": "safety-en-gb.html",
    "PL-JPN": "safety-en-gb.html",
    "PL-KOR": "safety-en-gb.html",
    "PL-CHT": "safety-en-gb.html",
    "PL-MSL": "safety-en-gb.html",
    "PL-THA": "safety-en-gb.html",
    "PL-ARA": "safety-en-gb.html",
    "PL-XXX": "safety-en-us.html",
    "PT-ENU": "safety-en-us.html",
    "PT-FRA": "safety-fr-fr.html",
    "PT-ESP": "safety-es-es.html",
    "PT-DEU": "safety-de-de.html",
    "PT-NLD": "safety-nl-nl.html",
    "PT-DAN": "safety-da-dk.html",
    "PT-FIN": "safety-fi-fi.html",
    "PT-NOR": "safety-nb-no.html",
    "PT-SVE": "safety-sv-se.html",
    "PT-ITA": "safety-it-it.html",
    "PT-PLK": "safety-pl-pl.html",
    "PT-PTB": null,
    "PT-BGR": "safety-en-gb.html",
    "PT-HRV": "safety-en-gb.html",
    "PT-CSY": "safety-en-gb.html",
    "PT-ETI": "safety-en-gb.html",
    "PT-ELL": "safety-en-gb.html",
    "PT-HUN": "safety-en-gb.html",
    "PT-LVI": "safety-en-gb.html",
    "PT-LTH": "safety-en-gb.html",
    "PT-ROM": "safety-en-gb.html",
    "PT-SLV": "safety-en-gb.html",
    "PT-SKY": "safety-en-gb.html",
    "PT-CHS": "safety-en-gb.html",
    "PT-JPN": "safety-en-gb.html",
    "PT-KOR": "safety-en-gb.html",
    "PT-CHT": "safety-en-gb.html",
    "PT-MSL": "safety-en-gb.html",
    "PT-THA": "safety-en-gb.html",
    "PT-ARA": "safety-en-gb.html",
    "PT-XXX": "safety-en-us.html",
    "ES-ENU": "safety-en-us.html",
    "ES-FRA": "safety-fr-fr.html",
    "ES-ESP": "safety-es-es.html",
    "ES-DEU": "safety-de-de.html",
    "ES-NLD": "safety-nl-nl.html",
    "ES-DAN": "safety-da-dk.html",
    "ES-FIN": "safety-fi-fi.html",
    "ES-NOR": "safety-nb-no.html",
    "ES-SVE": "safety-sv-se.html",
    "ES-ITA": "safety-it-it.html",
    "ES-PLK": "safety-pl-pl.html",
    "ES-PTB": null,
    "ES-BGR": "safety-en-gb.html",
    "ES-HRV": "safety-en-gb.html",
    "ES-CSY": "safety-en-gb.html",
    "ES-ETI": "safety-en-gb.html",
    "ES-ELL": "safety-en-gb.html",
    "ES-HUN": "safety-en-gb.html",
    "ES-LVI": "safety-en-gb.html",
    "ES-LTH": "safety-en-gb.html",
    "ES-ROM": "safety-en-gb.html",
    "ES-SLV": "safety-en-gb.html",
    "ES-SKY": "safety-en-gb.html",
    "ES-CHS": "safety-en-gb.html",
    "ES-JPN": "safety-en-gb.html",
    "ES-KOR": "safety-en-gb.html",
    "ES-CHT": "safety-en-gb.html",
    "ES-MSL": "safety-en-gb.html",
    "ES-THA": "safety-en-gb.html",
    "ES-ARA": "safety-en-gb.html",
    "ES-XXX": "safety-en-us.html",
    "BG-ENU": "safety-en-us.html",
    "BG-FRA": "safety-fr-fr.html",
    "BG-ESP": "safety-es-es.html",
    "BG-DEU": "safety-de-de.html",
    "BG-NLD": "safety-nl-nl.html",
    "BG-DAN": "safety-da-dk.html",
    "BG-FIN": "safety-fi-fi.html",
    "BG-NOR": "safety-nb-no.html",
    "BG-SVE": "safety-sv-se.html",
    "BG-ITA": "safety-it-it.html",
    "BG-PLK": "safety-pl-pl.html",
    "BG-PTB": null,
    "BG-BGR": "safety-en-gb.html",
    "BG-HRV": "safety-en-gb.html",
    "BG-CSY": "safety-en-gb.html",
    "BG-ETI": "safety-en-gb.html",
    "BG-ELL": "safety-en-gb.html",
    "BG-HUN": "safety-en-gb.html",
    "BG-LVI": "safety-en-gb.html",
    "BG-LTH": "safety-en-gb.html",
    "BG-ROM": "safety-en-gb.html",
    "BG-SLV": "safety-en-gb.html",
    "BG-SKY": "safety-en-gb.html",
    "BG-CHS": "safety-en-gb.html",
    "BG-JPN": "safety-en-gb.html",
    "BG-KOR": "safety-en-gb.html",
    "BG-CHT": "safety-en-gb.html",
    "BG-MSL": "safety-en-gb.html",
    "BG-THA": "safety-en-gb.html",
    "BG-ARA": "safety-en-gb.html",
    "BG-XXX": "safety-en-us.html",
    "HR-ENU": "safety-en-us.html",
    "HR-FRA": "safety-fr-fr.html",
    "HR-ESP": "safety-es-es.html",
    "HR-DEU": "safety-de-de.html",
    "HR-NLD": "safety-nl-nl.html",
    "HR-DAN": "safety-da-dk.html",
    "HR-FIN": "safety-fi-fi.html",
    "HR-NOR": "safety-nb-no.html",
    "HR-SVE": "safety-sv-se.html",
    "HR-ITA": "safety-it-it.html",
    "HR-PLK": "safety-pl-pl.html",
    "HR-PTB": null,
    "HR-BGR": "safety-en-gb.html",
    "HR-HRV": "safety-en-gb.html",
    "HR-CSY": "safety-en-gb.html",
    "HR-ETI": "safety-en-gb.html",
    "HR-ELL": "safety-en-gb.html",
    "HR-HUN": "safety-en-gb.html",
    "HR-LVI": "safety-en-gb.html",
    "HR-LTH": "safety-en-gb.html",
    "HR-ROM": "safety-en-gb.html",
    "HR-SLV": "safety-en-gb.html",
    "HR-SKY": "safety-en-gb.html",
    "HR-CHS": "safety-en-gb.html",
    "HR-JPN": "safety-en-gb.html",
    "HR-KOR": "safety-en-gb.html",
    "HR-CHT": "safety-en-gb.html",
    "HR-MSL": "safety-en-gb.html",
    "HR-THA": "safety-en-gb.html",
    "HR-ARA": "safety-en-gb.html",
    "HR-XXX": "safety-en-us.html",
    "CZ-ENU": "safety-en-us.html",
    "CZ-FRA": "safety-fr-fr.html",
    "CZ-ESP": "safety-es-es.html",
    "CZ-DEU": "safety-de-de.html",
    "CZ-NLD": "safety-nl-nl.html",
    "CZ-DAN": "safety-da-dk.html",
    "CZ-FIN": "safety-fi-fi.html",
    "CZ-NOR": "safety-nb-no.html",
    "CZ-SVE": "safety-sv-se.html",
    "CZ-ITA": "safety-it-it.html",
    "CZ-PLK": "safety-pl-pl.html",
    "CZ-PTB": null,
    "CZ-BGR": "safety-en-gb.html",
    "CZ-HRV": "safety-en-gb.html",
    "CZ-CSY": "safety-en-gb.html",
    "CZ-ETI": "safety-en-gb.html",
    "CZ-ELL": "safety-en-gb.html",
    "CZ-HUN": "safety-en-gb.html",
    "CZ-LVI": "safety-en-gb.html",
    "CZ-LTH": "safety-en-gb.html",
    "CZ-ROM": "safety-en-gb.html",
    "CZ-SLV": "safety-en-gb.html",
    "CZ-SKY": "safety-en-gb.html",
    "CZ-CHS": "safety-en-gb.html",
    "CZ-JPN": "safety-en-gb.html",
    "CZ-KOR": "safety-en-gb.html",
    "CZ-CHT": "safety-en-gb.html",
    "CZ-MSL": "safety-en-gb.html",
    "CZ-THA": "safety-en-gb.html",
    "CZ-ARA": "safety-en-gb.html",
    "CZ-XXX": "safety-en-us.html",
    "EE-ENU": "safety-en-us.html",
    "EE-FRA": "safety-fr-fr.html",
    "EE-ESP": "safety-es-es.html",
    "EE-DEU": "safety-de-de.html",
    "EE-NLD": "safety-nl-nl.html",
    "EE-DAN": "safety-da-dk.html",
    "EE-FIN": "safety-fi-fi.html",
    "EE-NOR": "safety-nb-no.html",
    "EE-SVE": "safety-sv-se.html",
    "EE-ITA": "safety-it-it.html",
    "EE-PLK": "safety-pl-pl.html",
    "EE-PTB": null,
    "EE-BGR": "safety-en-gb.html",
    "EE-HRV": "safety-en-gb.html",
    "EE-CSY": "safety-en-gb.html",
    "EE-ETI": "safety-en-gb.html",
    "EE-ELL": "safety-en-gb.html",
    "EE-HUN": "safety-en-gb.html",
    "EE-LVI": "safety-en-gb.html",
    "EE-LTH": "safety-en-gb.html",
    "EE-ROM": "safety-en-gb.html",
    "EE-SLV": "safety-en-gb.html",
    "EE-SKY": "safety-en-gb.html",
    "EE-CHS": "safety-en-gb.html",
    "EE-JPN": "safety-en-gb.html",
    "EE-KOR": "safety-en-gb.html",
    "EE-CHT": "safety-en-gb.html",
    "EE-MSL": "safety-en-gb.html",
    "EE-THA": "safety-en-gb.html",
    "EE-ARA": "safety-en-gb.html",
    "EE-XXX": "safety-en-us.html",
    "GR-ENU": "safety-en-us.html",
    "GR-FRA": "safety-fr-fr.html",
    "GR-ESP": "safety-es-es.html",
    "GR-DEU": "safety-de-de.html",
    "GR-NLD": "safety-nl-nl.html",
    "GR-DAN": "safety-da-dk.html",
    "GR-FIN": "safety-fi-fi.html",
    "GR-NOR": "safety-nb-no.html",
    "GR-SVE": "safety-sv-se.html",
    "GR-ITA": "safety-it-it.html",
    "GR-PLK": "safety-pl-pl.html",
    "GR-PTB": null,
    "GR-BGR": "safety-en-gb.html",
    "GR-HRV": "safety-en-gb.html",
    "GR-CSY": "safety-en-gb.html",
    "GR-ETI": "safety-en-gb.html",
    "GR-ELL": "safety-en-gb.html",
    "GR-HUN": "safety-en-gb.html",
    "GR-LVI": "safety-en-gb.html",
    "GR-LTH": "safety-en-gb.html",
    "GR-ROM": "safety-en-gb.html",
    "GR-SLV": "safety-en-gb.html",
    "GR-SKY": "safety-en-gb.html",
    "GR-CHS": "safety-en-gb.html",
    "GR-JPN": "safety-en-gb.html",
    "GR-KOR": "safety-en-gb.html",
    "GR-CHT": "safety-en-gb.html",
    "GR-MSL": "safety-en-gb.html",
    "GR-THA": "safety-en-gb.html",
    "GR-ARA": "safety-en-gb.html",
    "GR-XXX": "safety-en-us.html",
    "HU-ENU": "safety-en-us.html",
    "HU-FRA": "safety-fr-fr.html",
    "HU-ESP": "safety-es-es.html",
    "HU-DEU": "safety-de-de.html",
    "HU-NLD": "safety-nl-nl.html",
    "HU-DAN": "safety-da-dk.html",
    "HU-FIN": "safety-fi-fi.html",
    "HU-NOR": "safety-nb-no.html",
    "HU-SVE": "safety-sv-se.html",
    "HU-ITA": "safety-it-it.html",
    "HU-PLK": "safety-pl-pl.html",
    "HU-PTB": null,
    "HU-BGR": "safety-en-gb.html",
    "HU-HRV": "safety-en-gb.html",
    "HU-CSY": "safety-en-gb.html",
    "HU-ETI": "safety-en-gb.html",
    "HU-ELL": "safety-en-gb.html",
    "HU-HUN": "safety-en-gb.html",
    "HU-LVI": "safety-en-gb.html",
    "HU-LTH": "safety-en-gb.html",
    "HU-ROM": "safety-en-gb.html",
    "HU-SLV": "safety-en-gb.html",
    "HU-SKY": "safety-en-gb.html",
    "HU-CHS": "safety-en-gb.html",
    "HU-JPN": "safety-en-gb.html",
    "HU-KOR": "safety-en-gb.html",
    "HU-CHT": "safety-en-gb.html",
    "HU-MSL": "safety-en-gb.html",
    "HU-THA": "safety-en-gb.html",
    "HU-ARA": "safety-en-gb.html",
    "HU-XXX": "safety-en-us.html",
    "LV-ENU": "safety-en-us.html",
    "LV-FRA": "safety-fr-fr.html",
    "LV-ESP": "safety-es-es.html",
    "LV-DEU": "safety-de-de.html",
    "LV-NLD": "safety-nl-nl.html",
    "LV-DAN": "safety-da-dk.html",
    "LV-FIN": "safety-fi-fi.html",
    "LV-NOR": "safety-nb-no.html",
    "LV-SVE": "safety-sv-se.html",
    "LV-ITA": "safety-it-it.html",
    "LV-PLK": "safety-pl-pl.html",
    "LV-PTB": null,
    "LV-BGR": "safety-en-gb.html",
    "LV-HRV": "safety-en-gb.html",
    "LV-CSY": "safety-en-gb.html",
    "LV-ETI": "safety-en-gb.html",
    "LV-ELL": "safety-en-gb.html",
    "LV-HUN": "safety-en-gb.html",
    "LV-LVI": "safety-en-gb.html",
    "LV-LTH": "safety-en-gb.html",
    "LV-ROM": "safety-en-gb.html",
    "LV-SLV": "safety-en-gb.html",
    "LV-SKY": "safety-en-gb.html",
    "LV-CHS": "safety-en-gb.html",
    "LV-JPN": "safety-en-gb.html",
    "LV-KOR": "safety-en-gb.html",
    "LV-CHT": "safety-en-gb.html",
    "LV-MSL": "safety-en-gb.html",
    "LV-THA": "safety-en-gb.html",
    "LV-ARA": "safety-en-gb.html",
    "LV-XXX": "safety-en-us.html",
    "LT-ENU": "safety-en-us.html",
    "LT-FRA": "safety-fr-fr.html",
    "LT-ESP": "safety-es-es.html",
    "LT-DEU": "safety-de-de.html",
    "LT-NLD": "safety-nl-nl.html",
    "LT-DAN": "safety-da-dk.html",
    "LT-FIN": "safety-fi-fi.html",
    "LT-NOR": "safety-nb-no.html",
    "LT-SVE": "safety-sv-se.html",
    "LT-ITA": "safety-it-it.html",
    "LT-PLK": "safety-pl-pl.html",
    "LT-PTB": null,
    "LT-BGR": "safety-en-gb.html",
    "LT-HRV": "safety-en-gb.html",
    "LT-CSY": "safety-en-gb.html",
    "LT-ETI": "safety-en-gb.html",
    "LT-ELL": "safety-en-gb.html",
    "LT-HUN": "safety-en-gb.html",
    "LT-LVI": "safety-en-gb.html",
    "LT-LTH": "safety-en-gb.html",
    "LT-ROM": "safety-en-gb.html",
    "LT-SLV": "safety-en-gb.html",
    "LT-SKY": "safety-en-gb.html",
    "LT-CHS": "safety-en-gb.html",
    "LT-JPN": "safety-en-gb.html",
    "LT-KOR": "safety-en-gb.html",
    "LT-CHT": "safety-en-gb.html",
    "LT-MSL": "safety-en-gb.html",
    "LT-THA": "safety-en-gb.html",
    "LT-ARA": "safety-en-gb.html",
    "LT-XXX": "safety-en-us.html",
    "RO-ENU": "safety-en-us.html",
    "RO-FRA": "safety-fr-fr.html",
    "RO-ESP": "safety-es-es.html",
    "RO-DEU": "safety-de-de.html",
    "RO-NLD": "safety-nl-nl.html",
    "RO-DAN": "safety-da-dk.html",
    "RO-FIN": "safety-fi-fi.html",
    "RO-NOR": "safety-nb-no.html",
    "RO-SVE": "safety-sv-se.html",
    "RO-ITA": "safety-it-it.html",
    "RO-PLK": "safety-pl-pl.html",
    "RO-PTB": null,
    "RO-BGR": "safety-en-gb.html",
    "RO-HRV": "safety-en-gb.html",
    "RO-CSY": "safety-en-gb.html",
    "RO-ETI": "safety-en-gb.html",
    "RO-ELL": "safety-en-gb.html",
    "RO-HUN": "safety-en-gb.html",
    "RO-LVI": "safety-en-gb.html",
    "RO-LTH": "safety-en-gb.html",
    "RO-ROM": "safety-en-gb.html",
    "RO-SLV": "safety-en-gb.html",
    "RO-SKY": "safety-en-gb.html",
    "RO-CHS": "safety-en-gb.html",
    "RO-JPN": "safety-en-gb.html",
    "RO-KOR": "safety-en-gb.html",
    "RO-CHT": "safety-en-gb.html",
    "RO-MSL": "safety-en-gb.html",
    "RO-THA": "safety-en-gb.html",
    "RO-ARA": "safety-en-gb.html",
    "RO-XXX": "safety-en-us.html",
    "SI-ENU": "safety-en-us.html",
    "SI-FRA": "safety-fr-fr.html",
    "SI-ESP": "safety-es-es.html",
    "SI-DEU": "safety-de-de.html",
    "SI-NLD": "safety-nl-nl.html",
    "SI-DAN": "safety-da-dk.html",
    "SI-FIN": "safety-fi-fi.html",
    "SI-NOR": "safety-nb-no.html",
    "SI-SVE": "safety-sv-se.html",
    "SI-ITA": "safety-it-it.html",
    "SI-PLK": "safety-pl-pl.html",
    "SI-PTB": null,
    "SI-BGR": "safety-en-gb.html",
    "SI-HRV": "safety-en-gb.html",
    "SI-CSY": "safety-en-gb.html",
    "SI-ETI": "safety-en-gb.html",
    "SI-ELL": "safety-en-gb.html",
    "SI-HUN": "safety-en-gb.html",
    "SI-LVI": "safety-en-gb.html",
    "SI-LTH": "safety-en-gb.html",
    "SI-ROM": "safety-en-gb.html",
    "SI-SLV": "safety-en-gb.html",
    "SI-SKY": "safety-en-gb.html",
    "SI-CHS": "safety-en-gb.html",
    "SI-JPN": "safety-en-gb.html",
    "SI-KOR": "safety-en-gb.html",
    "SI-CHT": "safety-en-gb.html",
    "SI-MSL": "safety-en-gb.html",
    "SI-THA": "safety-en-gb.html",
    "SI-ARA": "safety-en-gb.html",
    "SI-XXX": "safety-en-us.html",
    "SK-ENU": "safety-en-us.html",
    "SK-FRA": "safety-fr-fr.html",
    "SK-ESP": "safety-es-es.html",
    "SK-DEU": "safety-de-de.html",
    "SK-NLD": "safety-nl-nl.html",
    "SK-DAN": "safety-da-dk.html",
    "SK-FIN": "safety-fi-fi.html",
    "SK-NOR": "safety-nb-no.html",
    "SK-SVE": "safety-sv-se.html",
    "SK-ITA": "safety-it-it.html",
    "SK-PLK": "safety-pl-pl.html",
    "SK-PTB": null,
    "SK-BGR": "safety-en-gb.html",
    "SK-HRV": "safety-en-gb.html",
    "SK-CSY": "safety-en-gb.html",
    "SK-ETI": "safety-en-gb.html",
    "SK-ELL": "safety-en-gb.html",
    "SK-HUN": "safety-en-gb.html",
    "SK-LVI": "safety-en-gb.html",
    "SK-LTH": "safety-en-gb.html",
    "SK-ROM": "safety-en-gb.html",
    "SK-SLV": "safety-en-gb.html",
    "SK-SKY": "safety-en-gb.html",
    "SK-CHS": "safety-en-gb.html",
    "SK-JPN": "safety-en-gb.html",
    "SK-KOR": "safety-en-gb.html",
    "SK-CHT": "safety-en-gb.html",
    "SK-MSL": "safety-en-gb.html",
    "SK-THA": "safety-en-gb.html",
    "SK-ARA": "safety-en-gb.html",
    "SK-XXX": "safety-en-us.html",
    "AU-ENU": "safety-en-us.html",
    "AU-FRA": "safety-fr-fr.html",
    "AU-ESP": "safety-es-es.html",
    "AU-DEU": "safety-de-de.html",
    "AU-NLD": "safety-nl-nl.html",
    "AU-DAN": "safety-da-dk.html",
    "AU-FIN": "safety-fi-fi.html",
    "AU-NOR": "safety-nb-no.html",
    "AU-SVE": "safety-sv-se.html",
    "AU-ITA": "safety-it-it.html",
    "AU-PLK": "safety-pl-pl.html",
    "AU-PTB": "safety-en-au.html",
    "AU-BGR": "safety-en-au.html",
    "AU-HRV": "safety-en-au.html",
    "AU-CSY": "safety-en-au.html",
    "AU-ETI": "safety-en-au.html",
    "AU-ELL": "safety-en-au.html",
    "AU-HUN": "safety-en-au.html",
    "AU-LVI": "safety-en-au.html",
    "AU-LTH": "safety-en-au.html",
    "AU-ROM": "safety-en-au.html",
    "AU-SLV": "safety-en-au.html",
    "AU-SKY": "safety-en-au.html",
    "AU-CHS": "safety-en-au.html",
    "AU-JPN": "safety-en-au.html",
    "AU-KOR": "safety-en-au.html",
    "AU-CHT": "safety-en-au.html",
    "AU-MSL": "safety-en-au.html",
    "AU-THA": "safety-en-au.html",
    "AU-ARA": "safety-en-au.html",
    "AU-XXX": "safety-en-us.html",
    "NZ-ENU": "safety-en-us.html",
    "NZ-FRA": "safety-fr-fr.html",
    "NZ-ESP": "safety-es-es.html",
    "NZ-DEU": "safety-de-de.html",
    "NZ-NLD": "safety-nl-nl.html",
    "NZ-DAN": "safety-da-dk.html",
    "NZ-FIN": "safety-fi-fi.html",
    "NZ-NOR": "safety-nb-no.html",
    "NZ-SVE": "safety-sv-se.html",
    "NZ-ITA": "safety-it-it.html",
    "NZ-PLK": "safety-pl-pl.html",
    "NZ-PTB": "safety-en-au.html",
    "NZ-BGR": "safety-en-au.html",
    "NZ-HRV": "safety-en-au.html",
    "NZ-CSY": "safety-en-au.html",
    "NZ-ETI": "safety-en-au.html",
    "NZ-ELL": "safety-en-au.html",
    "NZ-HUN": "safety-en-au.html",
    "NZ-LVI": "safety-en-au.html",
    "NZ-LTH": "safety-en-au.html",
    "NZ-ROM": "safety-en-au.html",
    "NZ-SLV": "safety-en-au.html",
    "NZ-SKY": "safety-en-au.html",
    "NZ-CHS": "safety-en-au.html",
    "NZ-JPN": "safety-en-au.html",
    "NZ-KOR": "safety-en-au.html",
    "NZ-CHT": "safety-en-au.html",
    "NZ-MSL": "safety-en-au.html",
    "NZ-THA": "safety-en-au.html",
    "NZ-ARA": "safety-en-au.html",
    "NZ-XXX": "safety-en-us.html",
    "CN-ENU": "safety-en-us.html",
    "CN-FRA": "safety-fr-fr.html",
    "CN-ESP": "safety-es-es.html",
    "CN-DEU": "safety-de-de.html",
    "CN-NLD": "safety-nl-nl.html",
    "CN-DAN": "safety-da-dk.html",
    "CN-FIN": "safety-fi-fi.html",
    "CN-NOR": "safety-nb-no.html",
    "CN-SVE": "safety-sv-se.html",
    "CN-ITA": "safety-it-it.html",
    "CN-PLK": "safety-pl-pl.html",
    "CN-PTB": null,
    "CN-BGR": null,
    "CN-HRV": null,
    "CN-CSY": null,
    "CN-ETI": null,
    "CN-ELL": null,
    "CN-HUN": null,
    "CN-LVI": null,
    "CN-LTH": null,
    "CN-ROM": null,
    "CN-SLV": null,
    "CN-SKY": null,
    "CN-CHS": null,
    "CN-JPN": null,
    "CN-KOR": null,
    "CN-CHT": null,
    "CN-MSL": null,
    "CN-THA": null,
    "CN-ARA": null,
    "CN-XXX": "safety-en-us.html",
    "JP-ENU": "safety-en-us.html",
    "JP-FRA": "safety-fr-fr.html",
    "JP-ESP": "safety-es-es.html",
    "JP-DEU": "safety-de-de.html",
    "JP-NLD": "safety-nl-nl.html",
    "JP-DAN": "safety-da-dk.html",
    "JP-FIN": "safety-fi-fi.html",
    "JP-NOR": "safety-nb-no.html",
    "JP-SVE": "safety-sv-se.html",
    "JP-ITA": "safety-it-it.html",
    "JP-PLK": "safety-pl-pl.html",
    "JP-PTB": null,
    "JP-BGR": null,
    "JP-HRV": null,
    "JP-CSY": null,
    "JP-ETI": null,
    "JP-ELL": null,
    "JP-HUN": null,
    "JP-LVI": null,
    "JP-LTH": null,
    "JP-ROM": null,
    "JP-SLV": null,
    "JP-SKY": null,
    "JP-CHS": null,
    "JP-JPN": null,
    "JP-KOR": null,
    "JP-CHT": null,
    "JP-MSL": null,
    "JP-THA": null,
    "JP-ARA": null,
    "JP-XXX": "safety-en-us.html",
    "KR-ENU": "safety-en-us.html",
    "KR-FRA": "safety-fr-fr.html",
    "KR-ESP": "safety-es-es.html",
    "KR-DEU": "safety-de-de.html",
    "KR-NLD": "safety-nl-nl.html",
    "KR-DAN": "safety-da-dk.html",
    "KR-FIN": "safety-fi-fi.html",
    "KR-NOR": "safety-nb-no.html",
    "KR-SVE": "safety-sv-se.html",
    "KR-ITA": "safety-it-it.html",
    "KR-PLK": "safety-pl-pl.html",
    "KR-PTB": null,
    "KR-BGR": null,
    "KR-HRV": null,
    "KR-CSY": null,
    "KR-ETI": null,
    "KR-ELL": null,
    "KR-HUN": null,
    "KR-LVI": null,
    "KR-LTH": null,
    "KR-ROM": null,
    "KR-SLV": null,
    "KR-SKY": null,
    "KR-CHS": null,
    "KR-JPN": null,
    "KR-KOR": null,
    "KR-CHT": null,
    "KR-MSL": null,
    "KR-THA": null,
    "KR-ARA": null,
    "KR-XXX": "safety-en-us.html",
    "SG-ENU": "safety-en-us.html",
    "SG-FRA": "safety-fr-fr.html",
    "SG-ESP": "safety-es-es.html",
    "SG-DEU": "safety-de-de.html",
    "SG-NLD": "safety-nl-nl.html",
    "SG-DAN": "safety-da-dk.html",
    "SG-FIN": "safety-fi-fi.html",
    "SG-NOR": "safety-nb-no.html",
    "SG-SVE": "safety-sv-se.html",
    "SG-ITA": "safety-it-it.html",
    "SG-PLK": "safety-pl-pl.html",
    "SG-PTB": null,
    "SG-BGR": null,
    "SG-HRV": null,
    "SG-CSY": null,
    "SG-ETI": null,
    "SG-ELL": null,
    "SG-HUN": null,
    "SG-LVI": null,
    "SG-LTH": null,
    "SG-ROM": null,
    "SG-SLV": null,
    "SG-SKY": null,
    "SG-CHS": null,
    "SG-JPN": null,
    "SG-KOR": null,
    "SG-CHT": null,
    "SG-MSL": null,
    "SG-THA": null,
    "SG-ARA": null,
    "SG-XXX": "safety-en-us.html",
    "MY-ENU": "safety-en-us.html",
    "MY-FRA": "safety-fr-fr.html",
    "MY-ESP": "safety-es-es.html",
    "MY-DEU": "safety-de-de.html",
    "MY-NLD": "safety-nl-nl.html",
    "MY-DAN": "safety-da-dk.html",
    "MY-FIN": "safety-fi-fi.html",
    "MY-NOR": "safety-nb-no.html",
    "MY-SVE": "safety-sv-se.html",
    "MY-ITA": "safety-it-it.html",
    "MY-PLK": "safety-pl-pl.html",
    "MY-PTB": null,
    "MY-CHS": null,
    "MY-JPN": null,
    "MY-KOR": null,
    "MY-BGR": null,
    "MY-HRV": null,
    "MY-CSY": null,
    "MY-ETI": null,
    "MY-ELL": null,
    "MY-HUN": null,
    "MY-LVI": null,
    "MY-LTH": null,
    "MY-ROM": null,
    "MY-SLV": null,
    "MY-SKY": null,
    "MY-CHT": null,
    "MY-MSL": null,
    "MY-THA": null,
    "MY-ARA": null,
    "MY-XXX": "safety-en-us.html",
    "HK-ENU": "safety-en-us.html",
    "HK-FRA": "safety-fr-fr.html",
    "HK-ESP": "safety-es-es.html",
    "HK-DEU": "safety-de-de.html",
    "HK-NLD": "safety-nl-nl.html",
    "HK-DAN": "safety-da-dk.html",
    "HK-FIN": "safety-fi-fi.html",
    "HK-NOR": "safety-nb-no.html",
    "HK-SVE": "safety-sv-se.html",
    "HK-ITA": "safety-it-it.html",
    "HK-PLK": "safety-pl-pl.html",
    "HK-PTB": null,
    "HK-BGR": null,
    "HK-HRV": null,
    "HK-CSY": null,
    "HK-ETI": null,
    "HK-ELL": null,
    "HK-HUN": null,
    "HK-LVI": null,
    "HK-LTH": null,
    "HK-ROM": null,
    "HK-SLV": null,
    "HK-SKY": null,
    "HK-CHS": null,
    "HK-JPN": null,
    "HK-KOR": null,
    "HK-CHT": null,
    "HK-MSL": null,
    "HK-THA": null,
    "HK-ARA": null,
    "HK-XXX": "safety-en-us.html",
    "MO-ENU": "safety-en-us.html",
    "MO-FRA": "safety-fr-fr.html",
    "MO-ESP": "safety-es-es.html",
    "MO-DEU": "safety-de-de.html",
    "MO-NLD": "safety-nl-nl.html",
    "MO-DAN": "safety-da-dk.html",
    "MO-FIN": "safety-fi-fi.html",
    "MO-NOR": "safety-nb-no.html",
    "MO-SVE": "safety-sv-se.html",
    "MO-ITA": "safety-it-it.html",
    "MO-PLK": "safety-pl-pl.html",
    "MO-PTB": null,
    "MO-BGR": null,
    "MO-HRV": null,
    "MO-CSY": null,
    "MO-ETI": null,
    "MO-ELL": null,
    "MO-HUN": null,
    "MO-LVI": null,
    "MO-LTH": null,
    "MO-ROM": null,
    "MO-SLV": null,
    "MO-SKY": null,
    "MO-CHS": null,
    "MO-JPN": null,
    "MO-KOR": null,
    "MO-CHT": null,
    "MO-MSL": null,
    "MO-THA": null,
    "MO-ARA": null,
    "MO-XXX": "safety-en-us.html",
    "IN-ENU": "safety-en-us.html",
    "IN-FRA": "safety-fr-fr.html",
    "IN-ESP": "safety-es-es.html",
    "IN-DEU": "safety-de-de.html",
    "IN-NLD": "safety-nl-nl.html",
    "IN-DAN": "safety-da-dk.html",
    "IN-FIN": "safety-fi-fi.html",
    "IN-NOR": "safety-nb-no.html",
    "IN-SVE": "safety-sv-se.html",
    "IN-ITA": "safety-it-it.html",
    "IN-PLK": "safety-pl-pl.html",
    "IN-PTB": null,
    "IN-BGR": null,
    "IN-HRV": null,
    "IN-CSY": null,
    "IN-ETI": null,
    "IN-ELL": null,
    "IN-HUN": null,
    "IN-LVI": null,
    "IN-LTH": null,
    "IN-ROM": null,
    "IN-SLV": null,
    "IN-SKY": null,
    "IN-CHS": null,
    "IN-JPN": null,
    "IN-KOR": null,
    "IN-CHT": null,
    "IN-MSL": null,
    "IN-THA": null,
    "IN-ARA": null,
    "IN-XXX": "safety-en-us.html",
    "TW-ENU": "safety-en-us.html",
    "TW-FRA": "safety-fr-fr.html",
    "TW-ESP": "safety-es-es.html",
    "TW-DEU": "safety-de-de.html",
    "TW-NLD": "safety-nl-nl.html",
    "TW-DAN": "safety-da-dk.html",
    "TW-FIN": "safety-fi-fi.html",
    "TW-NOR": "safety-nb-no.html",
    "TW-SVE": "safety-sv-se.html",
    "TW-ITA": "safety-it-it.html",
    "TW-PLK": "safety-pl-pl.html",
    "TW-PTB": null,
    "TW-BGR": null,
    "TW-HRV": null,
    "TW-CSY": null,
    "TW-ETI": null,
    "TW-ELL": null,
    "TW-HUN": null,
    "TW-LVI": null,
    "TW-LTH": null,
    "TW-ROM": null,
    "TW-SLV": null,
    "TW-SKY": null,
    "TW-CHS": null,
    "TW-JPN": null,
    "TW-KOR": null,
    "TW-CHT": null,
    "TW-MSL": null,
    "TW-THA": null,
    "TW-ARA": null,
    "TW-XXX": "safety-en-us.html",
    "TH-ENU": "safety-en-us.html",
    "TH-FRA": "safety-fr-fr.html",
    "TH-ESP": "safety-es-es.html",
    "TH-DEU": "safety-de-de.html",
    "TH-NLD": "safety-nl-nl.html",
    "TH-DAN": "safety-da-dk.html",
    "TH-FIN": "safety-fi-fi.html",
    "TH-NOR": "safety-nb-no.html",
    "TH-SVE": "safety-sv-se.html",
    "TH-ITA": "safety-it-it.html",
    "TH-PLK": "safety-pl-pl.html",
    "TH-PTB": null,
    "TH-BGR": null,
    "TH-HRV": null,
    "TH-CSY": null,
    "TH-ETI": null,
    "TH-ELL": null,
    "TH-HUN": null,
    "TH-LVI": null,
    "TH-LTH": null,
    "TH-ROM": null,
    "TH-SLV": null,
    "TH-SKY": null,
    "TH-CHS": null,
    "TH-JPN": null,
    "TH-KOR": null,
    "TH-CHT": null,
    "TH-MSL": null,
    "TH-THA": null,
    "TH-ARA": null,
    "TH-XXX": "safety-en-us.html",
    "QA-ENU": "safety-en-us.html",
    "QA-FRA": "safety-fr-fr.html",
    "QA-ESP": "safety-es-es.html",
    "QA-DEU": "safety-de-de.html",
    "QA-NLD": "safety-nl-nl.html",
    "QA-DAN": "safety-da-dk.html",
    "QA-FIN": "safety-fi-fi.html",
    "QA-NOR": "safety-nb-no.html",
    "QA-SVE": "safety-sv-se.html",
    "QA-ITA": "safety-it-it.html",
    "QA-PLK": "safety-pl-pl.html",
    "QA-PTB": null,
    "QA-BGR": null,
    "QA-HRV": null,
    "QA-CSY": null,
    "QA-ETI": null,
    "QA-ELL": null,
    "QA-HUN": null,
    "QA-LVI": null,
    "QA-LTH": null,
    "QA-ROM": null,
    "QA-SLV": null,
    "QA-SKY": null,
    "QA-CHS": null,
    "QA-JPN": null,
    "QA-KOR": null,
    "QA-CHT": null,
    "QA-MSL": null,
    "QA-THA": null,
    "QA-ARA": null,
    "QA-XXX": "safety-en-us.html",
    "AE-ENU": "safety-en-us.html",
    "AE-FRA": "safety-fr-fr.html",
    "AE-ESP": "safety-es-es.html",
    "AE-DEU": "safety-de-de.html",
    "AE-NLD": "safety-nl-nl.html",
    "AE-DAN": "safety-da-dk.html",
    "AE-FIN": "safety-fi-fi.html",
    "AE-NOR": "safety-nb-no.html",
    "AE-SVE": "safety-sv-se.html",
    "AE-ITA": "safety-it-it.html",
    "AE-PLK": "safety-pl-pl.html",
    "AE-PTB": null,
    "AE-BGR": null,
    "AE-HRV": null,
    "AE-CSY": null,
    "AE-ETI": null,
    "AE-ELL": null,
    "AE-HUN": null,
    "AE-LVI": null,
    "AE-LTH": null,
    "AE-ROM": null,
    "AE-SLV": null,
    "AE-SKY": null,
    "AE-CHS": null,
    "AE-JPN": null,
    "AE-KOR": null,
    "AE-CHT": null,
    "AE-MSL": null,
    "AE-THA": null,
    "AE-ARA": null,
    "AE-XXX": "safety-en-us.html",
    "SA-ENU": "safety-en-us.html",
    "SA-FRA": "safety-fr-fr.html",
    "SA-ESP": "safety-es-es.html",
    "SA-DEU": "safety-de-de.html",
    "SA-NLD": "safety-nl-nl.html",
    "SA-DAN": "safety-da-dk.html",
    "SA-FIN": "safety-fi-fi.html",
    "SA-NOR": "safety-nb-no.html",
    "SA-SVE": "safety-sv-se.html",
    "SA-ITA": "safety-it-it.html",
    "SA-PLK": "safety-pl-pl.html",
    "SA-PTB": null,
    "SA-BGR": null,
    "SA-HRV": null,
    "SA-CSY": null,
    "SA-ETI": null,
    "SA-ELL": null,
    "SA-HUN": null,
    "SA-LVI": null,
    "SA-LTH": null,
    "SA-ROM": null,
    "SA-SLV": null,
    "SA-SKY": null,
    "SA-CHS": null,
    "SA-JPN": null,
    "SA-KOR": null,
    "SA-CHT": null,
    "SA-MSL": null,
    "SA-THA": null,
    "SA-ARA": null,
    "SA-XXX": "safety-en-us.html",
    "OM-ENU": "safety-en-us.html",
    "OM-FRA": "safety-fr-fr.html",
    "OM-ESP": "safety-es-es.html",
    "OM-DEU": "safety-de-de.html",
    "OM-NLD": "safety-nl-nl.html",
    "OM-DAN": "safety-da-dk.html",
    "OM-FIN": "safety-fi-fi.html",
    "OM-NOR": "safety-nb-no.html",
    "OM-SVE": "safety-sv-se.html",
    "OM-ITA": "safety-it-it.html",
    "OM-PLK": "safety-pl-pl.html",
    "OM-PTB": null,
    "OM-BGR": null,
    "OM-HRV": null,
    "OM-CSY": null,
    "OM-ETI": null,
    "OM-ELL": null,
    "OM-HUN": null,
    "OM-LVI": null,
    "OM-LTH": null,
    "OM-ROM": null,
    "OM-SLV": null,
    "OM-SKY": null,
    "OM-CHS": null,
    "OM-JPN": null,
    "OM-KOR": null,
    "OM-CHT": null,
    "OM-MSL": null,
    "OM-THA": null,
    "OM-ARA": null,
    "OM-XXX": "safety-en-us.html",
    "BH-ENU": "safety-en-us.html",
    "BH-FRA": "safety-fr-fr.html",
    "BH-ESP": "safety-es-es.html",
    "BH-DEU": "safety-de-de.html",
    "BH-NLD": "safety-nl-nl.html",
    "BH-DAN": "safety-da-dk.html",
    "BH-FIN": "safety-fi-fi.html",
    "BH-NOR": "safety-nb-no.html",
    "BH-SVE": "safety-sv-se.html",
    "BH-ITA": "safety-it-it.html",
    "BH-PLK": "safety-pl-pl.html",
    "BH-PTB": null,
    "BH-BGR": null,
    "BH-HRV": null,
    "BH-CSY": null,
    "BH-ETI": null,
    "BH-ELL": null,
    "BH-HUN": null,
    "BH-LVI": null,
    "BH-LTH": null,
    "BH-ROM": null,
    "BH-SLV": null,
    "BH-SKY": null,
    "BH-CHS": null,
    "BH-JPN": null,
    "BH-KOR": null,
    "BH-CHT": null,
    "BH-MSL": null,
    "BH-THA": null,
    "BH-ARA": null,
    "BH-XXX": "safety-en-us.html",
    "KW-ENU": "safety-en-us.html",
    "KW-FRA": "safety-fr-fr.html",
    "KW-ESP": "safety-es-es.html",
    "KW-DEU": "safety-de-de.html",
    "KW-NLD": "safety-nl-nl.html",
    "KW-DAN": "safety-da-dk.html",
    "KW-FIN": "safety-fi-fi.html",
    "KW-NOR": "safety-nb-no.html",
    "KW-SVE": "safety-sv-se.html",
    "KW-ITA": "safety-it-it.html",
    "KW-PLK": "safety-pl-pl.html",
    "KW-PTB": null,
    "KW-BGR": null,
    "KW-HRV": null,
    "KW-CSY": null,
    "KW-ETI": null,
    "KW-ELL": null,
    "KW-HUN": null,
    "KW-LVI": null,
    "KW-LTH": null,
    "KW-ROM": null,
    "KW-SLV": null,
    "KW-SKY": null,
    "KW-CHS": null,
    "KW-JPN": null,
    "KW-KOR": null,
    "KW-CHT": null,
    "KW-MSL": null,
    "KW-THA": null,
    "KW-ARA": null,
    "KW-XXX": "safety-en-us.html",
    "ZA-ENU": "safety-en-us.html",
    "ZA-FRA": "safety-fr-fr.html",
    "ZA-ESP": "safety-es-es.html",
    "ZA-DEU": "safety-de-de.html",
    "ZA-NLD": "safety-nl-nl.html",
    "ZA-DAN": "safety-da-dk.html",
    "ZA-FIN": "safety-fi-fi.html",
    "ZA-NOR": "safety-nb-no.html",
    "ZA-SVE": "safety-sv-se.html",
    "ZA-ITA": "safety-it-it.html",
    "ZA-PLK": "safety-pl-pl.html",
    "ZA-PTB": null,
    "ZA-BGR": "safety-en-gb.html",
    "ZA-HRV": "safety-en-gb.html",
    "ZA-CSY": "safety-en-gb.html",
    "ZA-ETI": "safety-en-gb.html",
    "ZA-ELL": "safety-en-gb.html",
    "ZA-HUN": "safety-en-gb.html",
    "ZA-LVI": "safety-en-gb.html",
    "ZA-LTH": "safety-en-gb.html",
    "ZA-ROM": "safety-en-gb.html",
    "ZA-SLV": "safety-en-gb.html",
    "ZA-SKY": "safety-en-gb.html",
    "ZA-CHS": "safety-en-gb.html",
    "ZA-JPN": "safety-en-gb.html",
    "ZA-KOR": "safety-en-gb.html",
    "ZA-CHT": "safety-en-gb.html",
    "ZA-MSL": "safety-en-gb.html",
    "ZA-THA": "safety-en-gb.html",
    "ZA-ARA": "safety-en-gb.html",
    "ZA-XXX": "safety-en-us.html",
    "XX-ENU": "safety-en-us.html",
    "XX-FRA": "safety-fr-ca.html",
    "XX-ESP": "safety-es-es.html",
    "XX-DEU": "safety-de-de.html",
    "XX-NLD": "safety-nl-nl.html",
    "XX-DAN": "safety-da-dk.html",
    "XX-FIN": "safety-fi-fi.html",
    "XX-NOR": "safety-nb-no.html",
    "XX-SVE": "safety-sv-se.html",
    "XX-ITA": "safety-it-it.html",
    "XX-PLK": "safety-pl-pl.html",
    "XX-PTB": null,
    "XX-BGR": null,
    "XX-HRV": null,
    "XX-CSY": null,
    "XX-ETI": null,
    "XX-ELL": null,
    "XX-HUN": null,
    "XX-LVI": null,
    "XX-LTH": null,
    "XX-ROM": null,
    "XX-SLV": null,
    "XX-SKY": null,
    "XX-CHS": null,
    "XX-JPN": null,
    "XX-KOR": null,
    "XX-CHT": null,
    "XX-MSL": null,
    "XX-THA": null,
    "XX-ARA": null,
    "XX-XXX": "safety-en-us.html"
}